"timestamp,price"
"2026-01-01 09:15:00,100.00"
"2026-01-01 09:16:00,99.42"
"2026-01-01 09:17:00,100.31"
"2026-01-01 09:18:00,98.97"
"2026-01-01 09:19:00,99.83"
"2026-01-01 09:20:00,101.12"
"2026-01-01 09:21:00,100.47"
"2026-01-01 09:22:00,99.18"
"2026-01-01 09:23:00,100.86"
"2026-01-01 09:24:00,102.04"
"2026-01-01 09:25:00,100.72"
"2026-01-01 09:26:00,99.61"
"2026-01-01 09:27:00,98.43"
"2026-01-01 09:28:00,99.76"
"2026-01-01 09:29:00,101.21"
"2026-01-01 09:30:00,100.14"
"2026-01-01 09:31:00,98.92"
"2026-01-01 09:32:00,97.85"
"2026-01-01 09:33:00,99.37"
"2026-01-01 09:34:00,100.91"
"2026-01-01 09:35:00,102.16"
"2026-01-01 09:36:00,100.83"
"2026-01-01 09:37:00,99.47"
"2026-01-01 09:38:00,100.28"
"2026-01-01 09:39:00,98.81"
"2026-01-01 09:40:00,97.64"
"2026-01-01 09:41:00,98.95"
"2026-01-01 09:42:00,100.44"
"2026-01-01 09:43:00,101.73"
"2026-01-01 09:44:00,100.19"
"2026-01-01 09:45:00,98.76"
"2026-01-01 09:46:00,97.51"
"2026-01-01 09:47:00,99.02"
"2026-01-01 09:48:00,100.63"
"2026-01-01 09:49:00,102.11"
"2026-01-01 09:50:00,101.36"
"2026-01-01 09:51:00,99.84"
"2026-01-01 09:52:00,98.27"
"2026-01-01 09:53:00,99.53"
"2026-01-01 09:54:00,101.18"
"2026-01-01 09:55:00,102.47"
"2026-01-01 09:56:00,101.02"
"2026-01-01 09:57:00,99.48"
"2026-01-01 09:58:00,98.13"
"2026-01-01 09:59:00,96.92"
"2026-01-01 10:00:00,98.41"
"2026-01-01 10:01:00,99.87"
"2026-01-01 10:02:00,101.32"
"2026-01-01 10:03:00,100.06"
"2026-01-01 10:04:00,98.52"
"2026-01-01 10:05:00,97.31"
"2026-01-01 10:06:00,96.08"
"2026-01-01 10:07:00,97.64"
"2026-01-01 10:08:00,99.21"
"2026-01-01 10:09:00,100.74"
"2026-01-01 10:10:00,99.36"
"2026-01-01 10:11:00,97.92"
"2026-01-01 10:12:00,96.67"
"2026-01-01 10:13:00,98.13"
"2026-01-01 10:14:00,99.82"
"2026-01-01 10:15:00,101.27"
"2026-01-01 10:16:00,100.01"
"2026-01-01 10:17:00,98.43"
"2026-01-01 10:18:00,97.16"
"2026-01-01 10:19:00,95.84"
"2026-01-01 10:20:00,97.39"
"2026-01-01 10:21:00,99.04"
"2026-01-01 10:22:00,100.58"
"2026-01-01 10:23:00,99.11"
"2026-01-01 10:24:00,97.63"
"2026-01-01 10:25:00,96.27"
"2026-01-01 10:26:00,97.81"
"2026-01-01 10:27:00,99.46"
"2026-01-01 10:28:00,101.08"
"2026-01-01 10:29:00,99.72"
"2026-01-01 10:30:00,98.19"
"2026-01-01 10:31:00,96.74"
"2026-01-01 10:32:00,95.41"
"2026-01-01 10:33:00,96.93"
"2026-01-01 10:34:00,98.57"
"2026-01-01 10:35:00,100.13"
"2026-01-01 10:36:00,98.69"
"2026-01-01 10:37:00,97.21"
"2026-01-01 10:38:00,95.88"
"2026-01-01 10:39:00,97.52"
"2026-01-01 10:40:00,99.17"
"2026-01-01 10:41:00,100.81"
"2026-01-01 10:42:00,99.34"
"2026-01-01 10:43:00,97.86"
"2026-01-01 10:44:00,96.43"
"2026-01-01 10:45:00,94.97"
"2026-01-01 10:46:00,96.61"
"2026-01-01 10:47:00,98.26"
"2026-01-01 10:48:00,99.91"
"2026-01-01 10:49:00,98.44"
"2026-01-01 10:50:00,96.92"
"2026-01-01 10:51:00,95.47"
"2026-01-01 10:52:00,97.03"
"2026-01-01 10:53:00,98.67"
"2026-01-01 10:54:00,100.24"
"2026-01-01 10:55:00,98.79"
"2026-01-01 10:56:00,97.31"
"2026-01-01 10:57:00,95.86"
"2026-01-01 10:58:00,97.42"
"2026-01-01 10:59:00,99.06"
"2026-01-01 11:00:00,100.63"
"2026-01-01 11:01:00,99.17"
"2026-01-01 11:02:00,97.68"
"2026-01-01 11:03:00,96.24"
"2026-01-01 11:04:00,97.81"
"2026-01-01 11:05:00,99.45"
"2026-01-01 11:06:00,101.02"
"2026-01-01 11:07:00,99.54"
"2026-01-01 11:08:00,98.07"
"2026-01-01 11:09:00,96.61"
"2026-01-01 11:10:00,98.16"
"2026-01-01 11:11:00,99.82"
"2026-01-01 11:12:00,101.37"
"2026-01-01 11:13:00,99.91"
"2026-01-01 11:14:00,98.42"
"2026-01-01 11:15:00,96.97"
"2026-01-01 11:16:00,98.51"
"2026-01-01 11:17:00,100.18"
"2026-01-01 11:18:00,101.73"
"2026-01-01 11:19:00,100.27"
"2026-01-01 11:20:00,98.79"
"2026-01-01 11:21:00,97.34"
"2026-01-01 11:22:00,98.91"
"2026-01-01 11:23:00,100.56"
"2026-01-01 11:24:00,102.11"
"2026-01-01 11:25:00,100.64"
"2026-01-01 11:26:00,99.16"
"2026-01-01 11:27:00,97.71"
"2026-01-01 11:28:00,99.28"
"2026-01-01 11:29:00,100.94"
"2026-01-01 11:30:00,102.49"
"2026-01-01 11:31:00,101.03"
"2026-01-01 11:32:00,99.55"
"2026-01-01 11:33:00,98.10"
"2026-01-01 11:34:00,99.67"
"2026-01-01 11:35:00,101.32"
"2026-01-01 11:36:00,102.88"
"2026-01-01 11:37:00,101.41"
"2026-01-01 11:38:00,99.94"
"2026-01-01 11:39:00,98.48"
"2026-01-01 11:40:00,100.05"
"2026-01-01 11:41:00,101.70"
"2026-01-01 11:42:00,103.26"
"2026-01-01 11:43:00,101.79"
"2026-01-01 11:44:00,100.31"